url,image,name,price
https://www.ebay.com/itm/Learning-Python-5th-Edition-by-Mark-Lutz-P-D-F-Digital/373024691674?epid=159818827&_trkparms=ispr%3D1&hash=item56da0115da:g:Sx0AAOSwPPlemkU0&enc=AQAEAAACYIQvEcHUrT7nmUC3yY5qbPyaBN1nJEDYW8MyypsJPgXKQAYcH4BGwQtpYi1R8mhqgKeVRVjBT8y7ZWb89fDOpryWUgf0THIADujLfdreTjNdxdDL7Ho9hGlrunzP%2FeO%2BjPqo1cA1YMZrjVldYGi4PigGwAaDlna2HGx2AkOUvdkjVrXRSG9uUQJ4EAHfQk5Yzug1V7DC4NkgqfItgz0uPmjZKPLTU%2BJRIhf%2Bgu%2B76ie0uOyxgz8uHoVfGBbIIAR1bsQJsYzhaLFSZS8Z5f9ZLXznXbLa%2Fn5WPd0WmvYk3JbjdShaG3UNhnYOf%2FB73e1yX4gr4bl3BpRi412ON4C2epgKk264qdOGGTBxPZC6HwuNWH8lqeR%2BCLdNcaU9TJzQCC5NeCRPDXIxpYT19wb3JRuA9ynQZzqUBkbedyQFifKCzSYDCA41cGRiuZ0InUu3dpOVOGl8nh9L9CRdOvhHGw%2BS5Ft%2FY8xZDXz4b5ugvk7bUWkc%2Bl9PPGN%2BTxEgL7uyecu4kYUfroH6Da1buliXFa0JSy6Q05oHsAFMjBPinZlK1kQWHSE3P2ZAVfOWLBt9%2FBHUlV8nxQFMabMlPQRR6bQFXp86TFfd%2B65KBRg9zTo4drXU09o83rxW0FMp5wwKxLuX%2BGDldg8FqVLlkIBKneyQ1yXzKql%2B9egMhQy3GBbuDurKoBkrWae1Zs7pVI8byDs7ot9%2BVJZNpkUhs%2Bwy9nbEjiHYYbZdK4G%2Bmy8EipuUGCd%2FF6A4GaP7ZjBUO0m9LIrmmEFWGP8Njm1XFqMH0G%2F2DRBiof4zaN2jra5nOsI7&checksum=373024691674eec3b117d27745aeb8437c38a7402cf0,https://i.ebayimg.com/thumbs/images/g/Sx0AAOSwPPlemkU0/s-l225.jpg,"Learning Python, 5th Edition by Mark Lutz [P.D.F] Digital",$4.99
https://www.ebay.com/itm/Learning-Python-5th-Edition-by-Mark-Lutz-P-D-F/353041007998?epid=159818827&_trkparms=ispr%3D1&hash=item5232e2457e:g:uiAAAOSwHy5ejb3N&enc=AQAEAAACYIQvEcHUrT7nmUC3yY5qbPyaBN1nJEDYW8MyypsJPgXKVSUO5rLpLbvuHeymugu80jkeJwMVfeCKeg0ITkgGVQMkBeUPcbS8Byu%2BB13VFMdGVgU0Hs6FKIp3IYpat7zZ32icqQ7u30uazZOD3tLhEluvmSlxCs31UcMmL0sxZpF9rFEMyXDTZi%2FqsQGBjCnwJ2z97oLYXie4redXB6D%2BMAoZVbUvwRCAFvo6qZJasT8td5ezlWbSFRPrqCYU81GoswQWDF%2BPYm6F3NWf3UiZRC7kp%2FNPZF1BWRFzF1s%2FpKShfi62vMwBiWGjwDG14Y%2BE6u3FXFSvgvNh599vc8Cn3z%2F6rxepMaQ9twe1xu5%2FCcQhhq8RF9y5nSx%2FsL2Uc79cVWzBm66RF%2BD44iRczHpCgINOR0BVhnh8Wm73DnJ56gIU7IYvBOE3t%2BZKGs5IvaHNwRoWz0cW9%2BdHKB9Q4mO7a4BVgYkI2hauzB7g%2BAJ7V7LBRvJTaFE7NxeEXiViIbs%2FGbRa6TN7RzSGUNHE2mxT5%2Fj4OFMxalFF0MDe%2BhVpAuS%2BorlvZq6ZAydpX98e8iMMfW9SoqQZqs%2BHru1NE2MAW9%2FY9XhJVYo5b%2FjhiEV36KNxZ3iCGWA4nae0ICq4M0SBx6U3Q4PC240YGEtb6KyobSVxH%2FfpiAUjwQjmKrUm2FA1OmlH%2FdbPS9c4i1XV0V4oqyUpdWSK%2FeAjWt23FSCgKNh8Cp%2BfsHd2Vik3nmfacVog1CABO2v%2BKGPQ%2B55heBAf%2FXk7iEBEPZt068%2BIkEeiof1Ex55bXGdX7DwU3VBHW8FM&checksum=353041007998eec3b117d27745aeb8437c38a7402cf0,https://i.ebayimg.com/thumbs/images/g/uiAAAOSwHy5ejb3N/s-l225.jpg,"Learning Python, 5th Edition by Mark Lutz [P.D.F]",$5.46
https://www.ebay.com/itm/Python-for-Data-Analysis-Digital-Book/164017149155?_trkparms=ispr%3D1&hash=item26302f14e3:g:CWQAAOSwRfNeJajb&enc=AQAEAAACYIQvEcHUrT7nmUC3yY5qbPyaBN1nJEDYW8MyypsJPgXKym2Jdff8P6pcVkPslsrmD%2FKB5Tt5obK4SAXz8AMh7rk%2Bjqb8w3homSNe2yU4pIFSqcTS3Mm%2F7T9gADUVMsf5gNhtXIUv58qU21SyBcj14tQRxv2dBqxNVtnkxCw3dShWz5fgfIOfa01raIg3WdvCbVCWaOjqF3ZNbHjSq03pPqGJxgc574IqF0iP3AFullA9RJsDKgtOmLKerhPr7q%2FDQ%2B0bFYKWuE1IGPHt1RKcW869wCpQnJvgMJdJg5weGRqRSxhZB4j9poYQVYstD5fx8O9MB%2Fjivc1t8SM6CzqVh7evWUqwslZF7WcIZ%2FwgWWpsuA5%2BYP4WidEypGgLLh6Qj5VVz9E8xe1fx6EObVTvp3tmJXx2p4RouYABOlAf1e0u1fUG0FlhdnITn9w0twnCAhJE57N6ggr3nYZL7qjipejotQLwSMM%2BcXq%2BHgI4gnkMedmZ0lsZDXhzMtGRWmMdqX%2BIw0wR8I%2BYYrLHc5Q2I7SBDy6dwoW9rdLJ1sBeIY8eDeTSEAJmYWuxmEGPAzil3yZ7SktRnoolA%2BhQBb7WDiVV14zjG2%2Byi29%2FH5%2BfTuqOSfoBd7kzbI%2BtZMvVsnPGLWQmAdVzCxDNLVWyxx1vGq4Ivv14BOXXaPT%2Byew0EDuKDBFbTo8SLqOHzlklSCbT%2FF5uHCSru46ZmIZF5A4WKDHvKUXNCzB5jBgtYinDP53j0nLV%2FnoKiEpyy25jxPSbbGv%2FlLoQnSWU9sOYdsLOkkjRso3troxyC8kYeaEq6ffY&checksum=164017149155eec3b117d27745aeb8437c38a7402cf0,https://i.ebayimg.com/thumbs/images/g/CWQAAOSwRfNeJajb/s-l225.jpg,Python for Data Analysis - Digital Book -,$5.00
https://www.ebay.com/itm/Learning-Python-powerful-object-oriented-programming-P-D-F/254566202526?_trkparms=ispr%3D1&hash=item3b4553fc9e:g:ZB8AAOSwW8lekUo9&enc=AQAEAAACYIQvEcHUrT7nmUC3yY5qbPyaBN1nJEDYW8MyypsJPgXKBMsgxzC%2B4AcufPIrJqKaAEdytTQPvFUTv2PmgWowhqZ7R%2Bnf0YN2KnR9jsfSHIltugaXnuir4iDzbJjRzFr%2FsfI6IUJGDJxQbBzCMY2lUQ085cbjVstYJSEf2tKRUGRMLa1p%2FQZ8uuG8LkZBWx462Fg9RtUU0k6fc5RfpziOmiUTKoYC40qxxSvXD69pw0nQTt3baDx%2Bp1SrLOnanJA3EJR12IKBHKaKUCFkvxAvryeof0FeOh8n0gxlZSdOm8sbwkNrKarqPNj51dHBnXrYyI0MIGPuWWifz1duKGbrkhOqSF6hyeQdGTJgbzk6%2FJ2b%2BifheGrbfy9fq8bEagGGwwun31noeC%2FBr%2Fqub5gI%2BhOpbcJCO9CjNJxhDBfl%2Fx9sRUELLwbm6iA%2FiKoXZLZ3Sx3KanMIBO6jB1spilGg7TzEmifXsPr%2B7lDiiTENTbVwU6sIm4mBydzcusBrGaqkIoAbT6ORb4BENJxwoi4KDFZ%2BB3CaXJbI6mOwHG05JXiQENYIaaxhdhZcJ2apJnQs4fn%2BTir5Gt8COPOE0KV3myGVLF15AyFzdzb5xi3WnfYRjwO%2Fng2ZQkOZlYtfvarUKejFh%2FHnMHzyvCAl1d7OVAEJ7JzKh2WGLtGQxirr5YcqwuZ7bjCdJwyt1nKMfoK7uepSREb9ygt%2B9y7fan9YN3iEgti9IHIjx4Kmjqv5qVt5CfvE1eOREkELiKzVa72N3blRzLKDzIbBD%2F4Z3aw%2B22WcEg%2FyOrYNIhp8Ndt0%2B7CO&checksum=254566202526eec3b117d27745aeb8437c38a7402cf0,https://i.ebayimg.com/thumbs/images/g/ZB8AAOSwW8lekUo9/s-l225.jpg,Learning Python: powerful object-oriented programming [P.D.F],$8.49
https://www.ebay.com/itm/Introduction-to-Machine-Learning-with-Python-Digital-Book/163959711027?_trkparms=ispr%3D1&hash=item262cc2a533:g:mXgAAOSwhiJeIx-u&enc=AQAEAAACYIQvEcHUrT7nmUC3yY5qbPyaBN1nJEDYW8MyypsJPgXKym2Jdff8P6pcVkPslsrmD9R7pjxiki9PleROTOCEeHzudYCy6rTQXLuetMQ3fNqgu11mUc6DISt66geZRznfyQNuyqL8ugKKpNGwEOOJ8%2FyzJJqfMZuJr4Vx5HLfrv2lVaXEPGbbTiPPhXRqnP5cuCSkwtFBnvw74lwKcgBO01inEsCgejqEB%2BDNTBFjVVBW9Vo8fwCmGboeYuKQKTIrcnp8%2Fz88uJTj2HWXazDUUNryuPg78WfsUOCddF3FyT1PKHHmTvn2X9dmMaag0HMCAG7w1SJtl5yW%2BPNGH3zuULYZIVLm4dEVph90cpw4KVES8RzYij7%2BTsTxTg%2B6ttMdmPdIrFhdvi5V1u3QRp3GSt5xMEeHZOEq7%2BiHcvxWeYoFnLWDo1ALMBG9BRtruYyPK1lEOGtNk9%2Fn2Zu8fcAlt1THqCc0C%2Bb%2BzNQGai0hCA1WM2U%2FAkCmjIfYZkhiEpfQGbEvVQMK%2Fu8e3rxLxj%2F0VghGjH19j5qU8t6811ldS%2FplKaLf2XvUhab1numlB62st7bctNtjXZ246WQscU7V%2BeyxqjWUlPbt%2FEODpRLU0SxqOyv2nyMotKJObjaouWFDuQddRUqIYgPcm5egSgfQCfjDJ6y0tqY5pHt%2F6ZIT4aic4OQqoxeOHrAEIHaLEMbRZg9QCykm84Zirbm3unVjqDACbUgt0vmdItJwnW6jolw7S5JW47zq08RPwx%2BLRT1kzoP70PvB14DBDGV5uqLuVlybZkr0Snq20R4iEsMWrcJN&checksum=163959711027eec3b117d27745aeb8437c38a7402cf0,https://i.ebayimg.com/thumbs/images/g/mXgAAOSwhiJeIx-u/s-l225.jpg,Introduction to Machine Learning with Python - Digital Book -,$5.00
https://www.ebay.com/itm/Python-Game-Programming-By-Example/164167791074?hash=item263929b1e2:g:0fcAAOSw3BRenZnB,https://i.ebayimg.com/thumbs/images/g/0fcAAOSw3BRenZnB/s-l225.jpg,Python Game Programming By Example,$12.65
https://www.ebay.com/itm/Automate-the-Boring-Stuff-with-Python-Practical-Programming-for-Total-Beginner/383506919258?hash=item594acb2f5a:g:J1kAAOSwBiNemMlL,https://i.ebayimg.com/thumbs/images/g/J1kAAOSwBiNemMlL/s-l225.jpg,Automate the Boring Stuff with Python: Practical Programming for Total Beginner,$2.00
https://www.ebay.com/itm/Learning-Python/373011079497?hash=item56d9316149:g:Xn4AAOSwm69eiBRI,https://i.ebayimg.com/thumbs/images/g/Xn4AAOSwm69eiBRI/s-l225.jpg,Learning Python,$3.99
https://www.ebay.com/itm/Beginning-Programming-with-Python-For-Dummies-2nd-Edition-Gift-Read-Desc/313059759047?hash=item48e3d0d3c7:g:vBoAAOSwF7xem2pI,https://i.ebayimg.com/thumbs/images/g/vBoAAOSwF7xem2pI/s-l225.jpg,Beginning Programming with Python For Dummies 2nd Edition á‘­.á—ª.á–´ + Gift Read Desc,$3.50
https://www.ebay.com/itm/Black-Hat-Python-Python-Programming-for-Hackers-and-Pentesters-1st-Edition-by-Ju/362969645608?hash=item5482ad4228:g:iDYAAOSw1bJelMlQ,https://i.ebayimg.com/thumbs/images/g/iDYAAOSw1bJelMlQ/s-l225.jpg,Black Hat Python Python Programming for Hackers and Pentesters 1st Edition by Ju,$9.99
https://www.ebay.com/itm/Doing-Math-With-Python-Like-New-Condition/274347672613?hash=item3fe0654425:g:JzAAAOSwythepKUz,https://i.ebayimg.com/thumbs/images/g/JzAAAOSwythepKUz/s-l225.jpg,"New ListingDoing Math With Python - ""Like New"" Condition",$6.80
https://www.ebay.com/itm/Learn-Python-in-One-Day-and-Learn-It-Well-Python-for-Beginners-with-Hands-on-Pr/373011855062?hash=item56d93d36d6:g:RkoAAOSwlLReYPGS,https://i.ebayimg.com/thumbs/images/g/RkoAAOSwlLReYPGS/s-l225.jpg,Learn Python in One Day and Learn It Well: Python for Beginners with Hands-on Pr,$3.99
https://www.ebay.com/itm/Java-Programming-Python-Programming-Master-Programming-Guide-Learn-in-Day-P-D-F/372865634172?hash=item56d0860f7c:g:Ji8AAOSw19JeTbgl,https://i.ebayimg.com/thumbs/images/g/Ji8AAOSw19JeTbgl/s-l225.jpg,Java Programming:Python Programming:Master Programming Guide:Learn in Day P.D.F,$4.39
https://www.ebay.com/itm/Python-Crash-Course-2nd-Edition-P-D-F-book-by-No-Starch-Press/362968137823?hash=item548296405f:g:JM8AAOSwU8RekgkN,https://i.ebayimg.com/thumbs/images/g/JM8AAOSwU8RekgkN/s-l225.jpg,"Python Crash Course, 2nd Edition [P.D.F] book by No Starch Press",$2.59
https://www.ebay.com/itm/Automate-the-Boring-Stuff-with-Python-P-D-F-book-by-No-Starch-Press/362896515530?_trkparms=ispr%3D1&hash=item547e5161ca:g:D5wAAOSwiGReMDWM&enc=AQAEAAACYIQvEcHUrT7nmUC3yY5qbPyaBN1nJEDYW8MyypsJPgXKs4ijYSTGv0%2BdOMHOyVlosIZRDVB70OxyspA4x%2F3cLKuAXWfUXJan8lur54dvxHLAWwpjn0lI4Pht0RmjRrOct5o%2FveBm%2BMgmtmox6bNQIh%2FbyCPtXG82NzFCa%2FhM80iHicKPQHHwdsLppZ%2FPcBbUs0SvHqQZGrgM6YA1QY189T0VlU3usdhPijqycogCFqPJHekG%2FeJF9w6hllpVSiHa0dvHhYGDAN5WZ2OqqdFLiLf4OwAI8hz4ZTrku4D0CMXswqccg4Zzz2XwK4fe4cSL718pQekhCZVg%2Fjr9mxpYov2pLHwf1TD1CjCJ%2BxjYTcfOcTEqylQlnowNCrP04zIrGKo00F4B3xRauuKm%2BpwYmc2eaZ%2BRFx4bmGALE2pJEscg6T2Mkdi1Snpr7ke3f%2FIoXKkjtHmiE4jPUwVA3SgO1Lu1%2FSXSaCKe%2FRE4Uk3pdlCc6TXoqTiRobQUBiZUME3500zk2HO2nL7NwMDCqVBAjQ%2B30OwqaBKoDkU5t2TmUU6Nm3GV6AavNKQfCWgcLrGVODaTrY%2BSuD%2BOXohyd5ODFlIreLTIxlO7LhAI%2F1VYC5jEKfTG6REhU6G9CSZMSSUpVfQwUMaeVGP8Oi11jcGVW1BkrJdtnbxLn3aIUNF4FmCWGcuDvkNQL0ciRLHS5nDWxwAiOpPjHh5th%2FBRdp45PmzVv58qH4u4dzJ%2FEuzKB5LBU0Ur5PwoUrFiFahLTa7o9JdRu%2Feips%2BC4%2BxvR8XULhKh2fBPbqic%2Bqvh5JlXosV8&checksum=362896515530eec3b117d27745aeb8437c38a7402cf0,https://i.ebayimg.com/thumbs/images/g/D5wAAOSwiGReMDWM/s-l225.jpg,Automate the Boring Stuff with Python [P.D.F] book by No Starch Press,$2.49
https://www.ebay.com/itm/Python-For-Data-Science-The-Ultimate-Beginners-Guide-to-Learning-Python-P-D-F/372865623208?_trkparms=ispr%3D1&hash=item56d085e4a8:g:~c0AAOSw0K5eTbL1&enc=AQAEAAACYIQvEcHUrT7nmUC3yY5qbPyaBN1nJEDYW8MyypsJPgXKQAYcH4BGwQtpYi1R8mhqgJ8pgok%2FOqanhfHBm5Gq3P6Hi5EQshOqelbX161uPHj1syAVTs6fk4OQTMMUK7yZcmYFOMuwmV3PWYLNo5r6AJfzkbsQBnvuzJMmvCB6IGRxNeNlcW4Dp9SNyNQOXbtPIOWnCV8a3RPTGEr3C2BqQaF1Od%2BIO7UpSyzCYZhiuMFCBusCMHQ%2FTD5SiFaLeuLhw%2Fols6dOOTZNyYBTgvcE3RasFY%2B3ydKCZDTsr%2BvTzN3ozypLNLN7zhr0jPE8uM6ft%2BvSMQHFDBk%2BLzS1hnfxWHhrGezuk0X6oVpbOREvMreDcacu2l2wEjrjDkaggIDILw4Pj8yupCMckF6QYc56QyDTB8mmdse13u0yVt5aXoOZv%2Bmdtn2P2qtfje1nsMs1xte8ZvyhsmGRYuGFUBdkp9H1Kzj3343dXyhv0MQ%2FvvN9wBbLwcxj3KZMQ45RHs1eS25nMLfY5LC0iG8wqQqCGH522Y0NvWkN3np1BYI36qrI%2B4HXhhZndYZ49fccYiK5hfg0MxfUpxNPSildtljzoZjLycN6YQrXXPjlOUySPJQMKvz8a8O1INZnmkaM6kLcc1q5xX9EBqOpY%2FpwkiawZbIFde%2BMonUf7Q%2Bh4P%2Fs3KV7SF%2BPGQneB5UG8cVu7yyXUUeHf4NCsNXpll5DGgZTmXBn6O75v10ikN7raSB%2BvoZf5pPN55BipzZTTbuBzWiTZVnmgs3skYaJYz31dqyieuRsd9yDL5ne1IAN83icWEMh&checksum=372865623208eec3b117d27745aeb8437c38a7402cf0,https://i.ebayimg.com/thumbs/images/g/~c0AAOSw0K5eTbL1/s-l225.jpg,Python For Data Science:The Ultimate Beginnersâ€™ Guide to Learning Python P.D.F,$4.66
https://www.ebay.com/itm/Python-Cookbook-3rd-Edition-P-D-F-Book-by-OReilly/362896515537?_trkparms=ispr%3D1&hash=item547e5161d1:g:mZ4AAOSwPeReMDH0&enc=AQAEAAACYIQvEcHUrT7nmUC3yY5qbPyaBN1nJEDYW8MyypsJPgXKs4ijYSTGv0%2BdOMHOyVlosCLcfeoJ9kYBcmS5kv5foTpOIxowybuGP7AF7jTHYUWJa2F2b7vN57BMTuTfrdR0jJzBWHRmKr2P9E0r3Fo4xj4BZ4pw6lGMVl35dUMO78SfKF%2F%2FKS8CAEWZdf57DQfgt3lz%2FeBbkmVLkKLvYEf%2FwsoO3Y01QuQQL%2F7n9xhdJvAD74WbQ82GF7fLQymDToG8mlMlJw7t4HbjZCBE%2BLdC37K5RG%2FY3Lnl4Fcpi5UgruwI37zm2i7abAr7t8%2BWnUbtezv1afVXnvVZ0VDOkqHk8%2BQ%2BuJhSq2H4zM8mbEUH4spX5xioBXDf0mfz8hgFhSmmeNacQA49vmURj%2BwvWlXj8zibQOjh0vUckSXi2g9lEDbMoWVjomYsHfPO5gaezIdigRw%2F5Njz9BLvgE4%2BbtiDX%2FFbFjCHB0K8rb3gTcDGp89BefUZo%2FXiCH5YHbwVWkITjF9S84HlgB5Dg9Gop6TljyLNMw5Aau3x6lIqs%2FVGBmumltdv8BzWVOTong8qHg2i8m2Lmaw%2BfVPYTZlWB4MpeVMDpnj8a%2Fba2wrTQn2rVkZw%2FuqxycFUPXAOHVuFAKbJsw4jhsY4WfEXj9%2FJzLfxNiRBE3LTvVyIqXbiNrmTikOuaD7hEPRl3qffRSrUpQiDNqPMx1jMbx5ilnpkp6phfNKLu73X1DbIA0PU%2BP0e9fj2wSuxtwnFEi3ksR6msruv3MryqR1OckwqS%2B98lR8VqOK7yWn8h8s9Ql2XYIRQv02%2B&checksum=362896515537eec3b117d27745aeb8437c38a7402cf0,https://i.ebayimg.com/thumbs/images/g/mZ4AAOSwPeReMDH0/s-l225.jpg,"Python Cookbook, 3rd Edition, [P.D.F] Book by O'Reilly",$2.49
https://www.ebay.com/itm/Hacking-Hacking-Practical-Guide-for-Beginners-Hacking-With-Python-P-D-F/372869771034?hash=item56d0c52f1a:g:AIUAAOSwBzteTbJk,https://i.ebayimg.com/thumbs/images/g/AIUAAOSwBzteTbJk/s-l225.jpg,Hacking Hacking Practical Guide for Beginners (Hacking With Python) P.D.F,$4.35
https://www.ebay.com/itm/Learning-Python-Powerful-Object-Oriented-Programming-by-Mark-Lutz/283856126483?epid=159818827&hash=item421724c213:g:rWwAAOSws4FeoH4O,https://i.ebayimg.com/thumbs/images/g/rWwAAOSws4FeoH4O/s-l225.jpg,Learning Python : Powerful Object-Oriented Programming by Mark Lutz,$17.50
https://www.ebay.com/itm/Cracking-Codes-with-Python-P-D-F-book-by-No-Starch-Press/362896515538?_trkparms=ispr%3D1&hash=item547e5161d2:g:GD8AAOSwSK9eMDPK&enc=AQAEAAACYIQvEcHUrT7nmUC3yY5qbPyaBN1nJEDYW8MyypsJPgXKs4ijYSTGv0%2BdOMHOyVlosNdnw6aBgOep4ZPis%2BLyf8e6ZCbmfsxyl%2FPjXn5A6WBZ%2BgL0JGC8gYF3FMHqpTj6fpFVVsrGUf%2BlYVF3CqpilkYK1c8OZma9Jt6bNKgGYa%2Bpzna4qjJNNcVUX%2BzSO2TfYzSQa8qMxPUAg0JCYdOeQsjfQ74nQAjysUuWbVt5MWR9PUwJeKH4IOUosofYJWEVcOE50eIxDLV8DTW53oV4Yn%2BzjcNgyqgsryZ6lc1aG8Iq%2Fm7LhgpWJP54NFHE1WEB8OjaNOjonjhx7HfxCT1VazlnI3LGwV9d%2BNg76hTZIo8xXLHmAv7O0k0YqLxEhVQ3K9FaaOwFGDekYLvm1plp5Uaz%2Bx1VWM26Wd31ZQJAUgrl%2F%2BHtBm%2BRWfnVZ6T%2FTUFc6%2FlupBelAC3XzPTi3B6qF6g6hJEGu5gk%2FuSYpF8wejjZoUuPPMIa6NTE6PoRT0yoT8WoZefkXkvdkZyTeasVpZEPisoHtA%2FMCHNn6%2FETFcyuqTaEgDJacAwIotBdvDfjWNRr3WyeHjzEuzUl%2FrfM4jE2xDm7%2B%2BtbaB7n6gDwOBb%2FS7G%2FuXFYvHaXd%2BGhr2bKt6qMXCtlouepLnpCXEGb2aOMJOaq%2F%2BrYWhgxVx4D3Se5cR5a0fWki%2BQKPVvioIE5ZA2wcedICVFlDS6QsMuyfMqHrm8s48Fftz9T7r14iVDa56VMqTz3WFGajtAGXjOolwF3e5JSgSTiEnuibt3tyVVHpI35fHerb9WgtA%2FQHlEo&checksum=362896515538eec3b117d27745aeb8437c38a7402cf0,https://i.ebayimg.com/thumbs/images/g/GD8AAOSwSK9eMDPK/s-l225.jpg,Cracking Codes with Python [P.D.F] book by No Starch Press,$2.49
https://www.ebay.com/itm/Python-Crash-Course-2nd-Edition-A-Hands-On-Project-Electronic-Version/402226558721?epid=26030916261&hash=item5da6923701:g:dT0AAOSwLu5eltaE,https://i.ebayimg.com/thumbs/images/g/dT0AAOSwLu5eltaE/s-l225.jpg,"Python Crash Course, 2nd Edition: A Hands-On, Project... (Electronic Version)ðŸ“©",$1.99
https://www.ebay.com/itm/Python-Cookbook-3rd-Edition-P-D-F-Book-by-OReilly/233117594563?hash=item3646e433c3:g:Ja8AAOSwfqJcVEvo,https://i.ebayimg.com/thumbs/images/g/Ja8AAOSwfqJcVEvo/s-l225.jpg,"Python Cookbook, 3rd Edition, [P.D.F] Book by O'Reilly",$2.60
https://www.ebay.com/itm/Data-Science-Essentials-in-Python-Collect-Organize-Explore-Predict/283840473425?epid=221991297&hash=item421635e951:g:GjkAAOSw~AVYsZRI,https://i.ebayimg.com/thumbs/images/g/GjkAAOSw~AVYsZRI/s-l225.jpg,Data Science Essentials in Python: Collect - Organize - Explore - Predict -,$7.94
https://www.ebay.com/itm/Introduction-to-Computing-and-Programming-in-Python-3rd-Edition-by-Guzdial-M/202937459213?epid=113192695&hash=item2f4003e20d:g:BY4AAOSwax5YpUnH,https://i.ebayimg.com/thumbs/images/g/BY4AAOSwax5YpUnH/s-l225.jpg,"Introduction to Computing and Programming in Python (3rd Edition) by Guzdial, M",$5.49
https://www.ebay.com/itm/ProgrammingSeries-Python-Programming-An-Introduction-to-Computer-Science/303549602010?epid=92388121&hash=item46acf758da:g:KtQAAOSw4CFYo61o,https://i.ebayimg.com/thumbs/images/g/KtQAAOSw4CFYo61o/s-l225.jpg,ProgrammingSeries: Python Programming : An Introduction to Computer Science...,$5.10
https://www.ebay.com/itm/Practical-Programming-An-Introduction-to-Computer-Science-Using-Python/223575716602?epid=70929495&hash=item340e26b2fa:g:-uYAAOSwPa9duQyl,https://i.ebayimg.com/thumbs/images/g/-uYAAOSwPa9duQyl/s-l225.jpg,Practical Programming : An Introduction to Computer Science Using Python,$5.30
https://www.ebay.com/itm/Deep-Learning-With-Python-A-Hands-on-Introduction-by-Nikhil-Ketkar-P-D-F/233556646366?epid=234255759&hash=item36610f99de:g:MjAAAOSwTM5Y5Jtc,https://i.ebayimg.com/thumbs/images/g/MjAAAOSwTM5Y5Jtc/s-l225.jpg,Deep Learning With Python : A Hands-on Introduction by Nikhil Ketkar P.D.F,$0.99
https://www.ebay.com/itm/Python-Cookbook-Digital-Book/163962514549?epid=160087000&hash=item262ced6c75:g:YgUAAOSwlTheGMJU,https://i.ebayimg.com/thumbs/images/g/YgUAAOSwlTheGMJU/s-l225.jpg,Python Cookbook  - Digital Book -,$5.00
https://www.ebay.com/itm/Starting-Out-with-Python-by-Tony-Gaddis-2017/402174283856?hash=item5da3749050:g:x1sAAOSwS0pedPPu,https://i.ebayimg.com/thumbs/images/g/x1sAAOSwS0pedPPu/s-l225.jpg,"Starting Out with Python by Tony Gaddis (2017,",$16.00
https://www.ebay.com/itm/Practical-Docker-with-Python-P-D-F/373015209956?hash=item56d97067e4:g:2boAAOSwGSZej2FW,https://i.ebayimg.com/thumbs/images/g/2boAAOSwGSZej2FW/s-l225.jpg,Practical Docker with Python P.D.F,$4.33
https://www.ebay.com/itm/Python-in-a-Nutshell-by-Alex-Martelli-2nd-edition/124165066524?epid=53572948&hash=item1ce8d08f1c:g:zFIAAOSwKsRekKeR,https://i.ebayimg.com/thumbs/images/g/zFIAAOSwKsRekKeR/s-l225.jpg,Python in a Nutshell by Alex Martelli - 2nd edition,$2.99
https://www.ebay.com/itm/Automate-the-Boring-Stuff-with-Python-Practical-Programming-for-Total-Beginners/274343839487?epid=201642099&hash=item3fe02ac6ff:g:4RAAAOSwBq9eF54z,https://i.ebayimg.com/thumbs/images/g/4RAAAOSwBq9eF54z/s-l225.jpg,Automate the Boring Stuff with Python: Practical Programming for Total Beginners,$18.40
https://www.ebay.com/itm/Introduction-to-Machine-Learning-with-Python-A-Guide-for-Data-Scientists/392776341043?hash=item5b734b5633:g:ajAAAOSw6GxepF2M,https://i.ebayimg.com/thumbs/images/g/ajAAAOSw6GxepF2M/s-l225.jpg,New ListingIntroduction to Machine Learning with Python: A Guide for Data Scientists,$4.12
https://www.ebay.com/itm/Python-Learn-Python-FAST-the-Ultimate-Crash-Course-to-Learning-the/283836506537?hash=item4215f961a9:g:eqUAAOSw1mdeh4G1,https://i.ebayimg.com/thumbs/images/g/eqUAAOSw1mdeh4G1/s-l225.jpg,Python : Learn Python FAST! - the Ultimate Crash Course to Learning the...,$5.75
https://www.ebay.com/itm/Learning-Python-Powerful-Object-Oriented-Programming-5th-Edition-by-Mark-Lutz/324146579281?epid=159818827&hash=item4b78a44751:g:xpsAAOSw8JxepIpR,https://i.ebayimg.com/thumbs/images/g/xpsAAOSw8JxepIpR/s-l225.jpg,New ListingLearning Python Powerful Object-Oriented Programming (5th Edition) by Mark Lutz,$7.99
https://www.ebay.com/itm/Deep-Learning-with-Python-by-Francois-Chollet-2018-Paperback/193391646182?epid=236737376&hash=item2d070a55e6:g:cVwAAOSw9J9d50az,https://i.ebayimg.com/thumbs/images/g/cVwAAOSw9J9d50az/s-l225.jpg,"Deep Learning with Python by Francois Chollet (2018, Paperback)",$19.99
https://www.ebay.com/itm/Monty-Python-Live-by-Chapman-Graham/193437677663?epid=72414122&hash=item2d09c8b85f:g:XGUAAOSw3axepCf3,https://i.ebayimg.com/thumbs/images/g/XGUAAOSw3axepCf3/s-l225.jpg,"New ListingMonty Python Live! by Chapman, Graham",$12.60
https://www.ebay.com/itm/The-Quick-Python-Book-by-Vernon-L-Ceder-and-Naomi-R-Ceder-2010-Paperback/254578924603?epid=74265123&hash=item3b46161c3b:g:4hMAAOSwoLFeo2tZ,https://i.ebayimg.com/thumbs/images/g/4hMAAOSwoLFeo2tZ/s-l225.jpg,"The Quick Python Book by Vernon L. Ceder and Naomi R. Ceder (2010, Paperback)",$13.99
https://www.ebay.com/itm/Mastering-object-oriented-python-Second-Edition-P-D-F/372802623810?_trkparms=ispr%3D1&hash=item56ccc49942:g:6fIAAOSwpz9dohaW&enc=AQAEAAACYIQvEcHUrT7nmUC3yY5qbPyaBN1nJEDYW8MyypsJPgXKQAYcH4BGwQtpYi1R8mhqgF56GmlIYNb8uc%2FGJfO3g8OF%2BVsRl0w8DvKpVnUJBeuePN7VO5q0NBFBsm%2FNEM00ORwaolImi3lItLzzH7PHcvI7gGO0A51%2F3tAUuORL6AsLkOKY1QFwpK5pL%2FxH06v02i8kwT%2BJmTwhYGkQ3Dx64lnhHnXDjMgPpF84aKI16SQN7Wc6fQB6JxCoa5xqvGG3Zh%2B8p%2B2lLnKUJProjDmOsGsqvlY50pFwEkB0QUg3ywOF4PRbQ73W1PS1MStzEWeAWiJlc9uSFwlnPY3NBfzqXQ4m%2BDR5rWEjWEV8CQXzT08bjzdR510qyUlj7KhCoVRSCf4yLe%2Bisxk%2BaLMLG%2F73wFPK6rUSCMXy6a4vFB1ya0jILp51F6DLO6e1kCRzERK1QO6kG4mPyuXWbOilHK3otYi%2BUJyjrirjPf2cXa7G6AY9Fy4o1icLqxb8g6yX4s9ClHvd%2BUeZcnaalufTnK%2FVfHdEm6AfEnDEuSg8%2BjN6dgpti%2BAeBcLmBzlolKQhMZqW4R2VJZBuYgS6C9fMJi1brXeYDtOkl6xtMQjwN1asS6CNh7TZ2tx8v2rMQ%2B%2BEFJYFoii5sD%2FKqV4cVA6k11qdaLnOCnFWSW0%2F7blNCy7OAHTz30hB5vi1exBXy%2FCxF28%2Fawxu%2B8JTqf3HjP4JHuxeldE8qer3kBc8Yt8hvCjNHO4ArF9hShXYARcdLRmAOTJhm2Ono%2FXwW5ioE4wJfghcjpRI%2BvJhOGjFcmQkWtLr8BiT&checksum=372802623810eec3b117d27745aeb8437c38a7402cf0,https://i.ebayimg.com/thumbs/images/g/6fIAAOSwpz9dohaW/s-l225.jpg,Mastering object-oriented python Second Edition P.D.F,$4.55
https://www.ebay.com/itm/Python-Cookbook-3rd-Edition-Recipes-for-Mastering-Python-3-P-D-F/202959937294?_trkparms=ispr%3D1&hash=item2f415adf0e:g:atQAAOSwGXdejk02&enc=AQAEAAACYIQvEcHUrT7nmUC3yY5qbPyaBN1nJEDYW8MyypsJPgXKxIntehGqQQl8nLx%2FEZs3Ro%2FW5IetXCAbz2SDJPu4ii3avLMwTXoH8CXvX0IcI6%2BsPdarjr5ifNQd52NfZxyOJV9ztBFToNh%2B0nfzPIyh1cGRjqURc4FU6gqt%2FdKPLzGwyMqXz8QD7%2F7Z9Ofb5Xay8vdKYpG8mDJyFuaVah%2F6ndOi8VZ0tojkM%2FZGBC6lVcp9G9ZWM0usR7c2WNLCS%2FnbOHtWoe9bY9ExWSCaNPEnz%2Fb2sjKzA9hZgSRPGEEUE0hNHYLq%2Bb7EzTHBGc0UV1Bg0wYEnm%2B22S1UgSvNJlB9ht6q3dSBlHnb5Gynw6cKogcfZaSh7YuXANfJIHrx8KCY34nXHRX%2Fj4P8j9FBf74vugyrCzbhClj9vSj5WIzxnYYVpaOESUSse1iz85mb7GfRvF0PYBZdqf9mmYL7UO%2BLVDaclH93KctWH9KLmHNT4hr4PIShmJWdUKF7h%2BoycBdVy8C6NxuNSOcrelXWuszW41BuD1V6LYZW0eI%2BoXZ6DvToAksxOFpXzDx2dXuUJ35URGvWu0FUubGgIuHmxI3HJ7%2FEDtEh6DnNScjUZjNduzTm2573QC18RFmMtqKr76YuHEuvytWMdjU0b9FsDkX%2FGBbDS17OW0tGCsZ%2BsoKMzfGB8n6PJanqhuxMfx85zCofBqOUeZgpoL2UTOoUzBvAUu1qqptjXMDUUNTd76yq7wT1hiHFidCG%2B9mFQqrqZNApmg%2FdldmUvQd8SN40WP%2BUhGxDKZBhw9xntJPY60lna%2FYU&checksum=202959937294eec3b117d27745aeb8437c38a7402cf0,https://i.ebayimg.com/thumbs/images/g/atQAAOSwGXdejk02/s-l225.jpg,"Python Cookbook, 3rd Edition: Recipes for Mastering Python 3(P.D.F)",$2.30
https://www.ebay.com/itm/Python-An-Ultimate-Beginners-Guide-to-Python-Programming-by-Gale-Gabon/184092961777?epid=234628969&hash=item2adccbabf1:g:EeQAAOSwr~lYsX7a,https://i.ebayimg.com/thumbs/images/g/EeQAAOSwr~lYsX7a/s-l225.jpg,Python : An Ultimate Beginner's Guide to Python Programming by Gale Gabon...,$10.05
https://www.ebay.com/itm/Python-Machine-Learning-Book-Sebastian-Raschka-PACKT-Open-Source/153854969269?epid=221981487&hash=item23d27885b5:g:MWUAAOSw3axeYZLQ,https://i.ebayimg.com/thumbs/images/g/MWUAAOSw3axeYZLQ/s-l225.jpg,Python Machine Learning Book Sebastian Raschka PACKT Open Source,$8.00
https://www.ebay.com/itm/Python-Geospatial-Development-Second-Edition/153830582280?epid=166700660&hash=item23d1046808:g:JJsAAOSw2FxZxbBM,https://i.ebayimg.com/thumbs/images/g/JJsAAOSw2FxZxbBM/s-l225.jpg,Python Geospatial Development - Second Edition,$3.43
https://www.ebay.com/itm/Python-Crash-Course-A-Hands-On-Project-Based-Introduction-to-Programming/274311062075?epid=204248933&hash=item3fde36a23b:g:2MQAAOSw0nlecl7c,https://i.ebayimg.com/thumbs/images/g/2MQAAOSw0nlecl7c/s-l225.jpg,"Python Crash Course: A Hands-On, Project-Based Introduction to Programming",$22.95
https://www.ebay.com/itm/Python-XML/283840768870?epid=1975108&hash=item42163a6b66:g:6IwAAOSwdGFYpUwt,https://i.ebayimg.com/thumbs/images/g/6IwAAOSwdGFYpUwt/s-l225.jpg,Python & XML,$7.95
https://www.ebay.com/itm/Eric-Matthes-Python-Crash-Course-Book-1593276036/124003170395?epid=204248933&hash=item1cdf2a385b:g:NakAAOSwjqVZGzTo,https://i.ebayimg.com/thumbs/images/g/NakAAOSwjqVZGzTo/s-l225.jpg,Eric Matthes Python Crash Course  Book 1593276036,$16.62
https://www.ebay.com/itm/Python-Playground-Geeky-Projects-for-the-Curious-Programmer/264710329954?epid=203366025&hash=item3da1f71662:g:Zf4AAOSw50VeAUM6,https://i.ebayimg.com/thumbs/images/g/Zf4AAOSw50VeAUM6/s-l225.jpg,Python Playground: Geeky Projects for the Curious Programmer,$8.80
https://www.ebay.com/itm/Python-Pocket-Reference-2nd-Edition-by-Lutz-Mark/383232651427?epid=1947745&hash=item593a7230a3:g:KRoAAOSw2gxYpH1e,https://i.ebayimg.com/thumbs/images/g/KRoAAOSw2gxYpH1e/s-l225.jpg,"Python Pocket Reference, 2nd Edition by Lutz, Mark",$2.49
https://www.ebay.com/itm/Learn-Coding-Fast-Learn-Python-in-One-Day-and-Learn-It-Well-2nd-Edition/184091716506?epid=237996448&hash=item2adcb8ab9a:g:IpgAAOSwjRpZOT-T,https://i.ebayimg.com/thumbs/images/g/IpgAAOSwjRpZOT-T/s-l225.jpg,Learn Coding Fast: Learn Python in One Day and Learn It Well (2nd Edition) :...,$14.32
https://www.ebay.com/itm/Python-Web-Development-with-Django/352934788393?epid=65895545&hash=item522c8d7d29:g:FF8AAOSwdzxeH4XK,https://i.ebayimg.com/thumbs/images/g/FF8AAOSwdzxeH4XK/s-l225.jpg,Python Web Development with Django,$4.35
https://www.ebay.com/itm/Python-for-Finance-Mastering-Data-Driven-Finance-Paperback-by-Hilpisch-Yv/382699433109?epid=246134875&hash=item591aa9ec95:g:EEYAAOSwmE5cJqat,https://i.ebayimg.com/thumbs/images/g/EEYAAOSwmE5cJqat/s-l225.jpg,"Python for Finance : Mastering Data-Driven Finance, Paperback by Hilpisch, Yv...",$55.01
https://www.ebay.com/itm/Python-Programming-for-Beginners-The-Ultimate-Beginners-Crash-Course-to-Lea/274163462820?epid=235536667&hash=item3fd56a72a4:g:Sx8AAOSw3v5Yn2gS,https://i.ebayimg.com/thumbs/images/g/Sx8AAOSw3v5Yn2gS/s-l225.jpg,Python Programming for Beginners : The Ultimate Beginners Crash Course to Lea...,$12.85
https://www.ebay.com/itm/Introduction-to-Statistics-With-Python-With-Applications-in-the-Life-Scienc/263919322372?epid=219235900&hash=item3d72d14504:g:3EYAAOSwC8pb1FYE,https://i.ebayimg.com/thumbs/images/g/3EYAAOSwC8pb1FYE/s-l225.jpg,Introduction to Statistics With Python : With Applications in the Life Scienc...,$63.03
https://www.ebay.com/itm/The-Quick-Python-Book-Second-Edition-by-Naomi-R-Ceder-Free-Shipping/383348928516?epid=74265123&hash=item5941607004:g:Nu4AAOSw7wZeDDMb,https://i.ebayimg.com/thumbs/images/g/Nu4AAOSw7wZeDDMb/s-l225.jpg,The Quick Python Book Second Edition by Naomi R. Ceder Free Shipping,$9.00
https://www.ebay.com/itm/Learning-Python-by-Mark-Lutz/392641282974?epid=73904722&hash=item5b6b3e839e:g:EpUAAOSwx6pYpMoV,https://i.ebayimg.com/thumbs/images/g/EpUAAOSwx6pYpMoV/s-l225.jpg,Learning Python by Mark Lutz,$18.99
https://www.ebay.com/itm/Beginning-Programming-with-Python-For-Dummies-2nd-Edition/184190913807?epid=239814108&hash=item2ae2a24d0f:g:1ZMAAOSwkEFeTlIy,https://i.ebayimg.com/thumbs/images/g/1ZMAAOSwkEFeTlIy/s-l225.jpg,"Beginning Programming with Python For Dummies, 2nd Edition",$20.99
https://www.ebay.com/itm/Data-Science-from-Scratch-First-Principles-with-Python-2nd-Edition-PAPERBACK/333368014579?epid=28031833943&hash=item4d9e4836f3:g:jCQAAOSweIVeZrgl,https://i.ebayimg.com/thumbs/images/g/jCQAAOSweIVeZrgl/s-l225.jpg,Data Science from Scratch: First Principles with Python 2nd Edition PAPERBACK...,$31.95
https://www.ebay.com/itm/Python-Crash-Course-2nd-Edition-A-Hands-On-Project-Based-PAPERBACK-201/333386482166?epid=26030916261&hash=item4d9f6201f6:g:JuwAAOSwKY9eZrmA,https://i.ebayimg.com/thumbs/images/g/JuwAAOSwKY9eZrmA/s-l225.jpg,"Python Crash Course, 2nd Edition: A Hands-On, Project-Based...PAPERBACK â€“ 201...",$25.95
https://www.ebay.com/itm/Bayesian-Analysis-with-Python-Second-Edition-Paperback-or-Softback/382770761769?epid=7027684729&hash=item591eea5029:g:QOUAAOSw8PNeX2oM,https://i.ebayimg.com/thumbs/images/g/QOUAAOSw8PNeX2oM/s-l225.jpg,Bayesian Analysis with Python - Second Edition (Paperback or Softback),$60.40
https://www.ebay.com/itm/The-Spirit-of-Python-book-devotional-and-cd-Jentezen-Franklin/283854284665?epid=150679468&hash=item421708a779:g:U4UAAOSwjj1enhDu,https://i.ebayimg.com/thumbs/images/g/U4UAAOSwjj1enhDu/s-l225.jpg,"The Spirit of Python, book, devotional and cd. Jentezen Franklin",$15.00
https://www.ebay.com/itm/Python-for-Finance-Cookbook/193407142765?hash=item2d07f6cb6d:g:JWcAAOSwkfVehdim,https://i.ebayimg.com/thumbs/images/g/JWcAAOSwkfVehdim/s-l225.jpg,Python for Finance Cookbook,$3.99
https://www.ebay.com/itm/Monty-Python-and-the-Holy-Grail-BOOK/202943439752?epid=1614547&_trkparms=ispr%3D1&hash=item2f405f2388:g:010AAOSweZ9eeBvQ&enc=AQAEAAACYIQvEcHUrT7nmUC3yY5qbPyaBN1nJEDYW8MyypsJPgXKxIntehGqQQl8nLx%2FEZs3RiKbBhisE5tVHdXRO3EAzR%2BpnW66Gzii6A1xf76FRhVbjUMHt8pNb7SMA%2B27pX%2FP2Rvj0SYoEgLZKxvM%2By2Ped7hS5OFsk8pzHTed4tgTRm3fVFLHqvevxfwWU5Pa6NJA5R%2FwbxgbOfxtOSN6y7thUGMZRoj6yfgFVGpndhQm5xEaOYnIJVH8Kan1ajTH4%2F9sR4EaIYsc%2FMsTPPJBbPOQmVMVDo%2BWXe9afMVci89Rjcz2Pp5f67sJCNcsiMhH01Kknb4SgzVARbkW0692jUz9A4UMwZoRuDqTcCiBtetURpyOn5NfqSo3CkkDMfLoqZC%2BRYP3Jceq8b228v7l2U8aI24fD9PJQSkshEqCv3DuyK1Hyw%2Fg2Mo2cT023zt3ieQ5Y71MOrKG5R0q9uc2BlxG6SaPAi4EyedL%2FP0CjmgfVk9MA0A9VkhgqBpPghK1u3NUSo5te4LC17lb8L8v%2Bk0VM3Wdr4%2Bp33oOwkJd5s3Ym2PCVyQMCMnczPn4UNPt2sXzYabOPbegCKppaXsiekI5gM%2BzuehfE%2B9x1dWqI4PFuXHUg2kAtn7nKqUVdduOFRdBbmv8DWjZ2g6%2F%2BLdRyKH%2Bt5XSpjBuvz16UWKnvNlw1OyqIMR74o2UVdbWWgETPxEPhUWlLqAW%2FCu3pVmlWTlAZZU7itK919pDnXa8y%2B0BPX2wwhbmav6OuYt9O4Hj13qeHYCzmB0CkGknh4SFfkbn9Hoq6k7r9PVi%2BU3HggKUUBQ&checksum=202943439752eec3b117d27745aeb8437c38a7402cf0,https://i.ebayimg.com/thumbs/images/g/010AAOSweZ9eeBvQ/s-l225.jpg,Monty Python and the Holy Grail (BOOK!),$30.00
https://www.ebay.com/itm/Python-Playground-Geeky-Projects-for-the-Curious-Programmer-Digital-Book/164106449388?_trkparms=ispr%3D1&hash=item263581b1ec:g:Og0AAOSwHOFeXD~n&enc=AQAEAAACYIQvEcHUrT7nmUC3yY5qbPyaBN1nJEDYW8MyypsJPgXKym2Jdff8P6pcVkPslsrmD1ZRCP8mjag7KcuJV1uRHd1TxIDDBtiHYnIhLSyIrWmOEVrQubsF1p%2FGu7g2TOT5qVExFl5eJSZnMh6h7dw6pXRys4K8WBMIAwjckGUyoyxqjfq0CLbzrPveB8biIQluA5ovoLWirvUzfjDJDvO3Qdree5XRDgfQB2VCCIQ8znRuHRsvL0LRR%2Fb3Ef6ZGZPS4tZjFJ24f0n7FW%2FBtI1LeMHS%2BPMlvdPJiU2yBfg78g9gJ42%2F%2FnTY%2BTX3MMSxIb%2BGmgOAld%2BP3EOGE5dbH53LvcVAakM3E2u7bRRDYGEpLyUQSKD%2Bm7sP03NkzIAAav0Uope%2BoWyD5vixbHyyfLnWnLPyhPMtlyZBQdue92zS0jtUJGbsKgg%2BJ6sDmpG5wNuaEuOzx%2FnL04UsauACj2cIWYgzDhQkD4vHvQok8nm0akct5X0IO8hj7erEf1Efmv0ae9JQ%2BF%2FoSSdsG0qWgl4yLBIzieGXLXay4XUQtT97MiozdVJy0P9acGS8S4sTQgu40r4tTBe39w1iq4ArXkM0E9cnxXi3gO%2BZZfpEsX1slRIQxA%2B4OaS1n0wbaMpATiUjAFiga51eYHHVhWZ1NA5jKoz1k6I6l8k5qHwrjsy3X%2B3djZMHtjL5XZe8NxS6EE335h5QuFai2rzFGZF7DqojN0hJahlr5o3Pn7YDe44rkkpxraxJnaJj9y7FV1vpDWArXsF%2FZszekFjBXHAkjBS7fa8QRtSGVCjTnGsek5fUX0by&checksum=164106449388eec3b117d27745aeb8437c38a7402cf0,https://i.ebayimg.com/thumbs/images/g/Og0AAOSwHOFeXD~n/s-l225.jpg,Python Playground. Geeky Projects for the Curious Programmer - Digital Book -,$5.00
